"title","url","stars","name","reviewUrl","text"
"Puskesmas Jetis II","https://www.google.com/maps/search/?api=1&query=Puskesmas%20Jetis%20II&query_place_id=ChIJxfZfdJdVei4Rtzc9DwRNlj0","5","Ibro Susanto","https://www.google.com/maps/reviews/data=!4m8!14m7!1m6!2m5!1sCi9DQUlRQUNvZENodHljRjlvT25kdmNuTkRUVWxNWTFkZlNERXRjVXMxVlVsMU5IYxAB!2m1!1s0x0:0x3d964d040f3d37b7!3m1!1s2@1:CAIQACodChtycF9oOndvcnNDTUlMY1dfSDEtcUs1VUl1NHc%7C%7C?hl=id",
"Puskesmas Jetis II","https://www.google.com/maps/search/?api=1&query=Puskesmas%20Jetis%20II&query_place_id=ChIJxfZfdJdVei4Rtzc9DwRNlj0","5","Ade Sutrimo","https://www.google.com/maps/reviews/data=!4m8!14m7!1m6!2m5!1sCi9DQUlRQUNvZENodHljRjlvT210T1NrOTZPRE5LZVdKSFEyeGlTMkZLUVdaV2IyYxAB!2m1!1s0x0:0x3d964d040f3d37b7!3m1!1s2@1:CAIQACodChtycF9oOmtOSk96ODNKeWJHQ2xiS2FKQWZWb2c%7C%7C?hl=id",
"Puskesmas Jetis II","https://www.google.com/maps/search/?api=1&query=Puskesmas%20Jetis%20II&query_place_id=ChIJxfZfdJdVei4Rtzc9DwRNlj0","5","Aduan Jetis2","https://www.google.com/maps/reviews/data=!4m8!14m7!1m6!2m5!1sChZDSUhNMG9nS0VJQ0FnSUMxc3VIYkZ3EAE!2m1!1s0x0:0x3d964d040f3d37b7!3m1!1s2@1:CIHM0ogKEICAgIC1suHbFw%7C%7C?hl=id","Terimakasih atas pertanyaan bapak/ibu @sorong papua. Ijin menjawab untuk alur pelayanan psikolog di puskesmas jetis II, anda bisa langsung mendaftar diloket pendaftaran,kemudian akan diarahkan ke ruang konsultasi psikolog. Pelayanan psikolog tersedia pada hari : Senin,Rabu,Jumat,dan Sabtu. Terimakasih🙏

- Tim Aduan Puskesmas Jetis II"
"Puskesmas Jetis II","https://www.google.com/maps/search/?api=1&query=Puskesmas%20Jetis%20II&query_place_id=ChIJxfZfdJdVei4Rtzc9DwRNlj0","5","Rifdah Salsabiil","https://www.google.com/maps/reviews/data=!4m8!14m7!1m6!2m5!1sCi9DQUlRQUNvZENodHljRjlvT2pkMVNsOXRTMGd5UmpKV1RXeHNYMjFUY1hodFZWRRAB!2m1!1s0x0:0x3d964d040f3d37b7!3m1!1s2@1:CAIQACodChtycF9oOjd1Sl9tS0gyRjJWTWxsX21TcXhtVVE%7C%7C?hl=id","Tempatnya nyaman dan pelayanannya juga oke. Petugasnya juga ramah dan kalo bingung dijelasin sampai paham, terutama di bagian farmasi dijelaskan penggunaan obatnya dengan jelas. Mantap pokoknya 🔥🔥"
"Puskesmas Jetis II","https://www.google.com/maps/search/?api=1&query=Puskesmas%20Jetis%20II&query_place_id=ChIJxfZfdJdVei4Rtzc9DwRNlj0","5","C-480 879-Widha Nur Yuliharjanti","https://www.google.com/maps/reviews/data=!4m8!14m7!1m6!2m5!1sCi9DQUlRQUNvZENodHljRjlvT21SV04wdFJTbmhEYUc5RlFXeGFReTFoTW5CVVZIYxAB!2m1!1s0x0:0x3d964d040f3d37b7!3m1!1s2@1:CAIQACodChtycF9oOmRWN0tRSnhDaG9FQWxaQy1hMnBUVHc%7C%7C?hl=id","Pelayanan sangat baik dan cepat"
"Puskesmas Jetis II","https://www.google.com/maps/search/?api=1&query=Puskesmas%20Jetis%20II&query_place_id=ChIJxfZfdJdVei4Rtzc9DwRNlj0","4","Sorong Papua","https://www.google.com/maps/reviews/data=!4m8!14m7!1m6!2m5!1sCi9DQUlRQUNvZENodHljRjlvT210NFkyOVBZbUpvWVcxUGRFeHFWemxxWnpKd2NYYxAB!2m1!1s0x0:0x3d964d040f3d37b7!3m1!1s2@1:CAIQACodChtycF9oOmt4Y29PYmJoYW1PdExqVzlqZzJwcXc%7C%7C?hl=id","Boleh tanya kah disini kalo mau ke poli psikolog alur nya dari mana ya. .."
"Puskesmas Jetis II","https://www.google.com/maps/search/?api=1&query=Puskesmas%20Jetis%20II&query_place_id=ChIJxfZfdJdVei4Rtzc9DwRNlj0","5","A-473 327-Jihan Yussriyah","https://www.google.com/maps/reviews/data=!4m8!14m7!1m6!2m5!1sCi9DQUlRQUNvZENodHljRjlvT25SYVlVeHNibTFJWkUxTVp5MVpZVGxqV2pWVGNuYxAB!2m1!1s0x0:0x3d964d040f3d37b7!3m1!1s2@1:CAIQACodChtycF9oOnRaYUxsbm1IZE1MZy1ZYTljWjVTcnc%7C%7C?hl=id","Puskesmas dengan pelayanan yang sangat baik, petugas nakes nya ramah dan baik, tempatnya bersih dan banyak kursi tunggu untuk pengunjung. Alur pelayanan sangat jelas dan mudah dipahami. Waktu tunggu obat pun relatif cepat. Petugas farmasi sangat informatif dan sabar dalam menyampaikan dan menjawab pertanyaan pasien terkait cara penggunaan obat."
"Puskesmas Jetis II","https://www.google.com/maps/search/?api=1&query=Puskesmas%20Jetis%20II&query_place_id=ChIJxfZfdJdVei4Rtzc9DwRNlj0","5","Kareendraa Praasasti","https://www.google.com/maps/reviews/data=!4m8!14m7!1m6!2m5!1sCi9DQUlRQUNvZENodHljRjlvT2xabGRVUm5XWGRDVVZvd1IzRnBYM3BoUkMxTU1VRRAB!2m1!1s0x0:0x3d964d040f3d37b7!3m1!1s2@1:CAIQACodChtycF9oOlZldURnWXdCUVowR3FpX3phRC1MMUE%7C%7C?hl=id","bestttt"
"Puskesmas Jetis II","https://www.google.com/maps/search/?api=1&query=Puskesmas%20Jetis%20II&query_place_id=ChIJxfZfdJdVei4Rtzc9DwRNlj0","5","Amelia R Hamzah","https://www.google.com/maps/reviews/data=!4m8!14m7!1m6!2m5!1sCi9DQUlRQUNvZENodHljRjlvT25jNExXNXpabkpqUzBzME4xcFRiWFphVEZOWFRrRRAB!2m1!1s0x0:0x3d964d040f3d37b7!3m1!1s2@1:CAIQACodChtycF9oOnc4LW5zZnJjS0s0N1pTbXZaTFNXTkE%7C%7C?hl=id","Pelayanan di puskesmas Jetis 2 sangat bagus, semua terstruktur dengan baik, petugas yang ada disana semua ramah, pada bagian farmasi juga bagus, karena selain petugasnya sangat ramah juga selalu memberikan  informasi tentang obat."
"Puskesmas Jetis II","https://www.google.com/maps/search/?api=1&query=Puskesmas%20Jetis%20II&query_place_id=ChIJxfZfdJdVei4Rtzc9DwRNlj0","5","B9_Muhammad Diqi Ahmada","https://www.google.com/maps/reviews/data=!4m8!14m7!1m6!2m5!1sCi9DQUlRQUNvZENodHljRjlvT2tadkxVUlZXRTl4YVZrMGJreHZlbU5JZDNkTGVuYxAB!2m1!1s0x0:0x3d964d040f3d37b7!3m1!1s2@1:CAIQACodChtycF9oOkZvLURVWE9xaVk0bkxvemNId3dLenc%7C%7C?hl=id","puskesmas memiliki pelayanan baik dan ramah. ketika datang dilayani dengan baik dari pendaftaran hingga mendapatkan obat."
"Puskesmas Jetis II","https://www.google.com/maps/search/?api=1&query=Puskesmas%20Jetis%20II&query_place_id=ChIJxfZfdJdVei4Rtzc9DwRNlj0","5","Rafi Zhafran","https://www.google.com/maps/reviews/data=!4m8!14m7!1m6!2m5!1sCi9DQUlRQUNvZENodHljRjlvT2pFd1dWTkJVMkZEYm01M2NrWkJVVVZzYUVGTVgzYxAB!2m1!1s0x0:0x3d964d040f3d37b7!3m1!1s2@1:CAIQACodChtycF9oOjEwWVNBU2FDbm53ckZBUUVsaEFMX3c%7C%7C?hl=id","Pelayanan di Puskesmas Jetis II sangat baik dan tertata. Petugasnya ramah, komunikatif, dan sigap membantu pasien dari awal pendaftaran hingga pemeriksaan selesai. Fasilitasnya bersih, rapi, serta lingkungan ruang tunggunya nyaman. Proses pelayanan juga cukup cepat dan alurnya jelas, sehingga memudahkan pasien yang datang untuk berobat maupun mengakses layanan kesehatan lainnya. Pengelolaan obat dan BMHP dilakukan dengan profesional, termasuk pengelolaan limbah medis yang bekerja sama dengan Dinas Kesehatan sehingga tetap aman dan sesuai regulasi. Secara keseluruhan, Puskesmas Jetis II memberikan layanan yang sangat baik bagi masyarakat sekitar. Terima kasih kepada seluruh tenaga kesehatan yang bekerja dengan dedikasi tinggi!"
"Puskesmas Jetis II","https://www.google.com/maps/search/?api=1&query=Puskesmas%20Jetis%20II&query_place_id=ChIJxfZfdJdVei4Rtzc9DwRNlj0","5","nadhia jfs","https://www.google.com/maps/reviews/data=!4m8!14m7!1m6!2m5!1sCi9DQUlRQUNvZENodHljRjlvT21kdVJXMU1UM0JFTjA1WlVtdHNZemw0VVVWck0xRRAB!2m1!1s0x0:0x3d964d040f3d37b7!3m1!1s2@1:CAIQACodChtycF9oOmduRW1MT3BEN05ZUmtsYzl4UUVrM1E%7C%7C?hl=id","pelayanan ramah"
"Puskesmas Jetis II","https://www.google.com/maps/search/?api=1&query=Puskesmas%20Jetis%20II&query_place_id=ChIJxfZfdJdVei4Rtzc9DwRNlj0","5","Lulu Najwa","https://www.google.com/maps/reviews/data=!4m8!14m7!1m6!2m5!1sCi9DQUlRQUNvZENodHljRjlvT2xGWU9VSkJlbWxXTFRob2VuVnFlRzF2ZUc1UlVGRRAB!2m1!1s0x0:0x3d964d040f3d37b7!3m1!1s2@1:CAIQACodChtycF9oOlFYOUJBemlWLThoenVqeG1veG5RUFE%7C%7C?hl=id","Pelayanan sangat baik dan para petugas ramah ramah"
"Puskesmas Jetis II","https://www.google.com/maps/search/?api=1&query=Puskesmas%20Jetis%20II&query_place_id=ChIJxfZfdJdVei4Rtzc9DwRNlj0","5","Fathan Damayanti","https://www.google.com/maps/reviews/data=!4m8!14m7!1m6!2m5!1sCi9DQUlRQUNvZENodHljRjlvT2tSRWVGbFRRV0pLV21aeU5qRklVWEJPTm1sbExWRRAB!2m1!1s0x0:0x3d964d040f3d37b7!3m1!1s2@1:CAIQACodChtycF9oOkREeFlTQWJKWmZyNjFIUXBONmllLVE%7C%7C?hl=id","Pelayanannya cepat teratur, nakesnya ramah dan menjelaskan dengan sabar"
"Puskesmas Jetis II","https://www.google.com/maps/search/?api=1&query=Puskesmas%20Jetis%20II&query_place_id=ChIJxfZfdJdVei4Rtzc9DwRNlj0","5","Muhammad Mustainin","https://www.google.com/maps/reviews/data=!4m8!14m7!1m6!2m5!1sCi9DQUlRQUNvZENodHljRjlvT210cE9WZ3RZeTFhTm0weGNERjFSbU4yZVcxNFNrRRAB!2m1!1s0x0:0x3d964d040f3d37b7!3m1!1s2@1:CAIQACodChtycF9oOmtpOVgtYy1aNm0xcDF1RmN2eW14SkE%7C%7C?hl=id",
"Puskesmas Jetis II","https://www.google.com/maps/search/?api=1&query=Puskesmas%20Jetis%20II&query_place_id=ChIJxfZfdJdVei4Rtzc9DwRNlj0","5","M.Choirul Anam","https://www.google.com/maps/reviews/data=!4m8!14m7!1m6!2m5!1sCi9DQUlRQUNvZENodHljRjlvT21STlNXRlNVRjlJWjI1MFlXWTNSVzlaWnpRNFlrRRAB!2m1!1s0x0:0x3d964d040f3d37b7!3m1!1s2@1:CAIQACodChtycF9oOmRNSWFSUF9IZ250YWY3RW9ZZzQ4YkE%7C%7C?hl=id","Palayanannya sangat cepat, terutama waktu tunggu obatnya, baru naruh nomor antrian ga sampe 5 menit udah siap obatnya🔥🔥🔥"
"Puskesmas Jetis II","https://www.google.com/maps/search/?api=1&query=Puskesmas%20Jetis%20II&query_place_id=ChIJxfZfdJdVei4Rtzc9DwRNlj0","5","Vanya Almira Raissa","https://www.google.com/maps/reviews/data=!4m8!14m7!1m6!2m5!1sCi9DQUlRQUNvZENodHljRjlvT25Kb1RteE1XUzB4UkVaaVNsZzBPR1p2YzFsWFRrRRAB!2m1!1s0x0:0x3d964d040f3d37b7!3m1!1s2@1:CAIQACodChtycF9oOnJoTmxMWS0xREZiSlg0OGZvc1lXTkE%7C%7C?hl=id","pelayanan baik dan sangat informatif bagi pasien yang baru pertama ke puskesmas jadi ngga bikin bingung"
"Puskesmas Jetis II","https://www.google.com/maps/search/?api=1&query=Puskesmas%20Jetis%20II&query_place_id=ChIJxfZfdJdVei4Rtzc9DwRNlj0","5","Nanda Eka","https://www.google.com/maps/reviews/data=!4m8!14m7!1m6!2m5!1sCi9DQUlRQUNvZENodHljRjlvT2pOS1oybDVZbk5TY1ZSelRsZExjME4wVm5JNVVsRRAB!2m1!1s0x0:0x3d964d040f3d37b7!3m1!1s2@1:CAIQACodChtycF9oOjNKZ2l5YnNScVRzTldLc0N0VnI5UlE%7C%7C?hl=id","tempatnya bersih dan nyaman, pelayanannya juga cepat dan ramah, ventilasinya oke juga jadi bikin engga panas"
"Puskesmas Jetis II","https://www.google.com/maps/search/?api=1&query=Puskesmas%20Jetis%20II&query_place_id=ChIJxfZfdJdVei4Rtzc9DwRNlj0","5","Ayu Eka Cahyani","https://www.google.com/maps/reviews/data=!4m8!14m7!1m6!2m5!1sCi9DQUlRQUNvZENodHljRjlvT2pKSVoxWkpjMmd3YTFwWmJtdHVVRkZLZFVKYU5XYxAB!2m1!1s0x0:0x3d964d040f3d37b7!3m1!1s2@1:CAIQACodChtycF9oOjJIZ1ZJc2gwa1pZbmtuUFFKdUJaNWc%7C%7C?hl=id","salah satu puskesmas dengan pelayanan terbaikk dijogjaaa🤩🤩"
"Puskesmas Jetis II","https://www.google.com/maps/search/?api=1&query=Puskesmas%20Jetis%20II&query_place_id=ChIJxfZfdJdVei4Rtzc9DwRNlj0","5","Zahra Asyifa Nizam","https://www.google.com/maps/reviews/data=!4m8!14m7!1m6!2m5!1sCi9DQUlRQUNvZENodHljRjlvT2pCeFVrcFpWbGhrTUUxRVpsSXRZelYzWW0xclVuYxAB!2m1!1s0x0:0x3d964d040f3d37b7!3m1!1s2@1:CAIQACodChtycF9oOjBxUkpZVlhkME1EZlItYzV3Ym1rUnc%7C%7C?hl=id","pelayanan nya oke banget 🤩"
"Puskesmas Jetis II","https://www.google.com/maps/search/?api=1&query=Puskesmas%20Jetis%20II&query_place_id=ChIJxfZfdJdVei4Rtzc9DwRNlj0","5","Anastasya Khoirotul Wachidah","https://www.google.com/maps/reviews/data=!4m8!14m7!1m6!2m5!1sCi9DQUlRQUNvZENodHljRjlvT2pCTU9HaHhNR3d4UVRGck5XSk9WakF0TmxaclJFRRAB!2m1!1s0x0:0x3d964d040f3d37b7!3m1!1s2@1:CAIQACodChtycF9oOjBMOGhxMGwxQTFrNWJOVjAtNlZrREE%7C%7C?hl=id",
"Puskesmas Jetis II","https://www.google.com/maps/search/?api=1&query=Puskesmas%20Jetis%20II&query_place_id=ChIJxfZfdJdVei4Rtzc9DwRNlj0","5","dinda cantik","https://www.google.com/maps/reviews/data=!4m8!14m7!1m6!2m5!1sCi9DQUlRQUNvZENodHljRjlvT21RdGFqUXdjVkZ4UjBrNGFVUTNaVUoyTTFkMlpFRRAB!2m1!1s0x0:0x3d964d040f3d37b7!3m1!1s2@1:CAIQACodChtycF9oOmQtajQwcVFxR0k4aUQ3ZUJ2M1d2ZEE%7C%7C?hl=id","Pelayanannya bagus dan pegawai ramah. Tempat menunggu juga nyaman alhamdulillah."
"Puskesmas Jetis II","https://www.google.com/maps/search/?api=1&query=Puskesmas%20Jetis%20II&query_place_id=ChIJxfZfdJdVei4Rtzc9DwRNlj0","1","Damar Prasetyo","https://www.google.com/maps/reviews/data=!4m8!14m7!1m6!2m5!1sCi9DQUlRQUNvZENodHljRjlvT2tGeFJIcDFTRGh1YW0xQ2VrdGlkazluVVd4VlpuYxAB!2m1!1s0x0:0x3d964d040f3d37b7!3m1!1s2@1:CAIQACodChtycF9oOkFxRHp1SDhuam1Cektidk9nUWxVZnc%7C%7C?hl=id","Pelayanan judes"" apalagi yg bagian  screaning di depan yg laki'' gak niat sekali nglayanin pasien ...
Orang sakit sesak napas sampai muka pucat kok di diaknosa badannya setabil."
"Puskesmas Jetis II","https://www.google.com/maps/search/?api=1&query=Puskesmas%20Jetis%20II&query_place_id=ChIJxfZfdJdVei4Rtzc9DwRNlj0","5","Ris miyanto","https://www.google.com/maps/reviews/data=!4m8!14m7!1m6!2m5!1sCi9DQUlRQUNvZENodHljRjlvT25sRmQyVkNWVEJrUjFsS1YwMWpVa2Q2YzFkVVdIYxAB!2m1!1s0x0:0x3d964d040f3d37b7!3m1!1s2@1:CAIQACodChtycF9oOnlFd2VCVTBkR1lKV01jUkd6c1dUWHc%7C%7C?hl=id","Bersih parkir luas"
"Puskesmas Jetis II","https://www.google.com/maps/search/?api=1&query=Puskesmas%20Jetis%20II&query_place_id=ChIJxfZfdJdVei4Rtzc9DwRNlj0","5","shzie bhe","https://www.google.com/maps/reviews/data=!4m8!14m7!1m6!2m5!1sChdDSUhNMG9nS0VJQ0FnTURvdXVUdWt3RRAB!2m1!1s0x0:0x3d964d040f3d37b7!3m1!1s2@1:CIHM0ogKEICAgMDouuTukwE%7C%7C?hl=id","Pelayanan nya sangat ramah sekali🥰
Lengkap ada fisioterapi juga, dokter nya juga jelas sekali dalam menjelaskan dg ramah dan sabar"
"Puskesmas Jetis II","https://www.google.com/maps/search/?api=1&query=Puskesmas%20Jetis%20II&query_place_id=ChIJxfZfdJdVei4Rtzc9DwRNlj0","2","Chika Chikaku","https://www.google.com/maps/reviews/data=!4m8!14m7!1m6!2m5!1sChdDSUhNMG9nS0VJQ0FnTURJZ3QycWpRRRAB!2m1!1s0x0:0x3d964d040f3d37b7!3m1!1s2@1:CIHM0ogKEICAgMDIgt2qjQE%7C%7C?hl=id","untuk permohonan rujukan ke Rs kenapa dpersulit sekarang?
pdhl org udah beneran sakit. cma dksh anti nyeri trs dganti obat aja 😢 ksian orgtua jd tulang punggung keluarga."
"Puskesmas Jetis II","https://www.google.com/maps/search/?api=1&query=Puskesmas%20Jetis%20II&query_place_id=ChIJxfZfdJdVei4Rtzc9DwRNlj0","4","Kakaw","https://www.google.com/maps/reviews/data=!4m8!14m7!1m6!2m5!1sChdDSUhNMG9nS0VJQ0FnTUNRNE5UQm9RRRAB!2m1!1s0x0:0x3d964d040f3d37b7!3m1!1s2@1:CIHM0ogKEICAgMCQ4NTBoQE%7C%7C?hl=id","Terimakasih untuk pihak Puskesmas yang sudah menindaklanjuti keluhan / masukan dari pengujungnya. Saya mengapresiasi peningkatan pelayanan dari petugas puskesmas yang sudah datang langsung kerumah saya untuk mengkonfirmasi mengenai keluhan yang sebelumnya saya ulas. Saya memberikan ulasan berdasarkan yang terjadi sebenarnya dan semoga bisa menjadi masukan untuk kedapannya. Sebagai saran untuk selalu update jam operasional apabila ada perubahan di hari-hari tertentu agar pihak eksternal (pengunjung) mengetahui perubahan informasi melalui yang tertera di google."
"Puskesmas Jetis II","https://www.google.com/maps/search/?api=1&query=Puskesmas%20Jetis%20II&query_place_id=ChIJxfZfdJdVei4Rtzc9DwRNlj0","5","Pedro Xfriends","https://www.google.com/maps/reviews/data=!4m8!14m7!1m6!2m5!1sChdDSUhNMG9nS0VJQ0FnSURmX3U3TXN3RRAB!2m1!1s0x0:0x3d964d040f3d37b7!3m1!1s2@1:CIHM0ogKEICAgIDf_u7MswE%7C%7C?hl=id","Pelayanan nya bagus perawat nya juga ramah - ramah"
"Puskesmas Jetis II","https://www.google.com/maps/search/?api=1&query=Puskesmas%20Jetis%20II&query_place_id=ChIJxfZfdJdVei4Rtzc9DwRNlj0","5","Nurul Hidayah","https://www.google.com/maps/reviews/data=!4m8!14m7!1m6!2m5!1sChdDSUhNMG9nS0VJQ0FnSURmX3U2UXhBRRAB!2m1!1s0x0:0x3d964d040f3d37b7!3m1!1s2@1:CIHM0ogKEICAgIDf_u6QxAE%7C%7C?hl=id","Pelayanannya bagus, perawatnya juga ramah ramah"
"Puskesmas Jetis II","https://www.google.com/maps/search/?api=1&query=Puskesmas%20Jetis%20II&query_place_id=ChIJxfZfdJdVei4Rtzc9DwRNlj0","5","Rosdiana Rosdiana","https://www.google.com/maps/reviews/data=!4m8!14m7!1m6!2m5!1sChZDSUhNMG9nS0VJQ0FnSURmcHZfV1pBEAE!2m1!1s0x0:0x3d964d040f3d37b7!3m1!1s2@1:CIHM0ogKEICAgIDfpv_WZA%7C%7C?hl=id",
"Puskesmas Jetis II","https://www.google.com/maps/search/?api=1&query=Puskesmas%20Jetis%20II&query_place_id=ChIJxfZfdJdVei4Rtzc9DwRNlj0","5","APP Wardah Dwi Latifah","https://www.google.com/maps/reviews/data=!4m8!14m7!1m6!2m5!1sChdDSUhNMG9nS0VJQ0FnSURYOFBTWXV3RRAB!2m1!1s0x0:0x3d964d040f3d37b7!3m1!1s2@1:CIHM0ogKEICAgIDX8PSYuwE%7C%7C?hl=id",
"Puskesmas Jetis II","https://www.google.com/maps/search/?api=1&query=Puskesmas%20Jetis%20II&query_place_id=ChIJxfZfdJdVei4Rtzc9DwRNlj0","5","SANDI K","https://www.google.com/maps/reviews/data=!4m8!14m7!1m6!2m5!1sChdDSUhNMG9nS0VJQ0FnSUNualBuWjlBRRAB!2m1!1s0x0:0x3d964d040f3d37b7!3m1!1s2@1:CIHM0ogKEICAgICnjPnZ9AE%7C%7C?hl=id","Nakes nakesnya ramah ramah, tempatnya bersih, informasi informasi yang ada jelas"
"Puskesmas Jetis II","https://www.google.com/maps/search/?api=1&query=Puskesmas%20Jetis%20II&query_place_id=ChIJxfZfdJdVei4Rtzc9DwRNlj0","5","Nur Endah Agustina","https://www.google.com/maps/reviews/data=!4m8!14m7!1m6!2m5!1sChZDSUhNMG9nS0VJQ0FnSUNuZ01iVmVREAE!2m1!1s0x0:0x3d964d040f3d37b7!3m1!1s2@1:CIHM0ogKEICAgICngMbVeQ%7C%7C?hl=id","Petugas ramah, pelayanannya
baik"
"Puskesmas Jetis II","https://www.google.com/maps/search/?api=1&query=Puskesmas%20Jetis%20II&query_place_id=ChIJxfZfdJdVei4Rtzc9DwRNlj0","5","Orchid","https://www.google.com/maps/reviews/data=!4m8!14m7!1m6!2m5!1sChdDSUhNMG9nS0VJQ0FnSURIel8zTW9nRRAB!2m1!1s0x0:0x3d964d040f3d37b7!3m1!1s2@1:CIHM0ogKEICAgIDHz_3MogE%7C%7C?hl=id",
"Puskesmas Jetis II","https://www.google.com/maps/search/?api=1&query=Puskesmas%20Jetis%20II&query_place_id=ChIJxfZfdJdVei4Rtzc9DwRNlj0","1","JcK 99","https://www.google.com/maps/reviews/data=!4m8!14m7!1m6!2m5!1sChZDSUhNMG9nS0VJQ0FnSURIb282dldREAE!2m1!1s0x0:0x3d964d040f3d37b7!3m1!1s2@1:CIHM0ogKEICAgIDHoo6vWQ%7C%7C?hl=id","Ada mau periksa dibatasi. Bikin kapok! Mending keluar duit ke Dr spesialis,daripada udah antri² tau nya pas nyampe di pendaftaran dibilangnya sudah penuh suruh pagian. Niatnya mau mempergunakan fasilitas dari pemerintah tau nya gini. Mengecewakan!"
"Puskesmas Jetis II","https://www.google.com/maps/search/?api=1&query=Puskesmas%20Jetis%20II&query_place_id=ChIJxfZfdJdVei4Rtzc9DwRNlj0","5","Abc Rani","https://www.google.com/maps/reviews/data=!4m8!14m7!1m6!2m5!1sChZDSUhNMG9nS0VJQ0FnSUQ3dWFlekFnEAE!2m1!1s0x0:0x3d964d040f3d37b7!3m1!1s2@1:CIHM0ogKEICAgID7uaezAg%7C%7C?hl=id","Untuk pelayanan lepas iud (umum) biaya berapa ya?"
"Puskesmas Jetis II","https://www.google.com/maps/search/?api=1&query=Puskesmas%20Jetis%20II&query_place_id=ChIJxfZfdJdVei4Rtzc9DwRNlj0","5","Rose Tri Linda","https://www.google.com/maps/reviews/data=!4m8!14m7!1m6!2m5!1sChZDSUhNMG9nS0VJQ0FnSURiaXFfNUV3EAE!2m1!1s0x0:0x3d964d040f3d37b7!3m1!1s2@1:CIHM0ogKEICAgIDbiq_5Ew%7C%7C?hl=id","Pelayanan sangat baik dan staff ramah"
"Puskesmas Jetis II","https://www.google.com/maps/search/?api=1&query=Puskesmas%20Jetis%20II&query_place_id=ChIJxfZfdJdVei4Rtzc9DwRNlj0","5","Hari Kiswanto","https://www.google.com/maps/reviews/data=!4m8!14m7!1m6!2m5!1sChZDSUhNMG9nS0VJQ0FnSUNicjhlNURnEAE!2m1!1s0x0:0x3d964d040f3d37b7!3m1!1s2@1:CIHM0ogKEICAgICbr8e5Dg%7C%7C?hl=id","The staff were friendly and kind..the Jamu corner added more good vibes of this Puskesmas.. i had a good experience here"
"Puskesmas Jetis II","https://www.google.com/maps/search/?api=1&query=Puskesmas%20Jetis%20II&query_place_id=ChIJxfZfdJdVei4Rtzc9DwRNlj0","5","Nathania Salsabila","https://www.google.com/maps/reviews/data=!4m8!14m7!1m6!2m5!1sChZDSUhNMG9nS0VJQ0FnSUNiOXJYUVJ3EAE!2m1!1s0x0:0x3d964d040f3d37b7!3m1!1s2@1:CIHM0ogKEICAgICb9rXQRw%7C%7C?hl=id",
"Puskesmas Jetis II","https://www.google.com/maps/search/?api=1&query=Puskesmas%20Jetis%20II&query_place_id=ChIJxfZfdJdVei4Rtzc9DwRNlj0","2","Last Year Memory","https://www.google.com/maps/reviews/data=!4m8!14m7!1m6!2m5!1sChZDSUhNMG9nS0VJQ0FnSUNScUk2TFBBEAE!2m1!1s0x0:0x3d964d040f3d37b7!3m1!1s2@1:CIHM0ogKEICAgICRqI6LPA%7C%7C?hl=id","Pelayaban kurang efejtif
1. Datang di screeninf
2. Masuk ke pendaftaran
3. Masuk lagi mirip pendaftaran untuk cek tensi
4. Baru diperiksa.

Harusbya proses 2 dan 3 itu bs lanfsung jd 1, terlalu lama bertele tele. Tdk spt di puskesmas lain"
"Puskesmas Jetis II","https://www.google.com/maps/search/?api=1&query=Puskesmas%20Jetis%20II&query_place_id=ChIJxfZfdJdVei4Rtzc9DwRNlj0","5","Septi Rahayu","https://www.google.com/maps/reviews/data=!4m8!14m7!1m6!2m5!1sChZDSUhNMG9nS0VJQ0FnSURMdXB5S1ZnEAE!2m1!1s0x0:0x3d964d040f3d37b7!3m1!1s2@1:CIHM0ogKEICAgIDLupyKVg%7C%7C?hl=id","Pemeriksaan yang cukup bagus dan tempat yang nyaman"
"Puskesmas Jetis II","https://www.google.com/maps/search/?api=1&query=Puskesmas%20Jetis%20II&query_place_id=ChIJxfZfdJdVei4Rtzc9DwRNlj0","5","Ellya Inung","https://www.google.com/maps/reviews/data=!4m8!14m7!1m6!2m5!1sChZDSUhNMG9nS0VJQ0FnSURMMnJmTGZBEAE!2m1!1s0x0:0x3d964d040f3d37b7!3m1!1s2@1:CIHM0ogKEICAgIDL2rfLfA%7C%7C?hl=id","Pelayanan di sini bagus banget.. Sat set apalagi yang rawat luka TOP banget lah 😍"
"Puskesmas Jetis II","https://www.google.com/maps/search/?api=1&query=Puskesmas%20Jetis%20II&query_place_id=ChIJxfZfdJdVei4Rtzc9DwRNlj0","5","Denisa Rahmadanti","https://www.google.com/maps/reviews/data=!4m8!14m7!1m6!2m5!1sChZDSUhNMG9nS0VJQ0FnSURMMnNXUGJBEAE!2m1!1s0x0:0x3d964d040f3d37b7!3m1!1s2@1:CIHM0ogKEICAgIDL2sWPbA%7C%7C?hl=id","Pelayanan baik 👍🏻"
"Puskesmas Jetis II","https://www.google.com/maps/search/?api=1&query=Puskesmas%20Jetis%20II&query_place_id=ChIJxfZfdJdVei4Rtzc9DwRNlj0","5","Ristia Irawati","https://www.google.com/maps/reviews/data=!4m8!14m7!1m6!2m5!1sChdDSUhNMG9nS0VJQ0FnSURMbXJxNTBRRRAB!2m1!1s0x0:0x3d964d040f3d37b7!3m1!1s2@1:CIHM0ogKEICAgIDLmrq50QE%7C%7C?hl=id","Mantabbbbbbbbbbb"
"Puskesmas Jetis II","https://www.google.com/maps/search/?api=1&query=Puskesmas%20Jetis%20II&query_place_id=ChIJxfZfdJdVei4Rtzc9DwRNlj0","5","Dwi Andayani","https://www.google.com/maps/reviews/data=!4m8!14m7!1m6!2m5!1sChdDSUhNMG9nS0VJQ0FnSURMX1BQNmhnRRAB!2m1!1s0x0:0x3d964d040f3d37b7!3m1!1s2@1:CIHM0ogKEICAgIDL_PP6hgE%7C%7C?hl=id","Tempat bersih dan nyaman. Petugas baik. Peralatan rawat luka di IGDnya lengkap..👍"
"Puskesmas Jetis II","https://www.google.com/maps/search/?api=1&query=Puskesmas%20Jetis%20II&query_place_id=ChIJxfZfdJdVei4Rtzc9DwRNlj0","5","Agni Sufya","https://www.google.com/maps/reviews/data=!4m8!14m7!1m6!2m5!1sChdDSUhNMG9nS0VJQ0FnSURMX00yVjhRRRAB!2m1!1s0x0:0x3d964d040f3d37b7!3m1!1s2@1:CIHM0ogKEICAgIDL_M2V8QE%7C%7C?hl=id","Pelayanan nya oke"
"Puskesmas Jetis II","https://www.google.com/maps/search/?api=1&query=Puskesmas%20Jetis%20II&query_place_id=ChIJxfZfdJdVei4Rtzc9DwRNlj0","5","Sherly Novi","https://www.google.com/maps/reviews/data=!4m8!14m7!1m6!2m5!1sChdDSUhNMG9nS0VJQ0FnSUNMcl83SXhRRRAB!2m1!1s0x0:0x3d964d040f3d37b7!3m1!1s2@1:CIHM0ogKEICAgICLr_7IxQE%7C%7C?hl=id","Pelayanannya ramah,tempatnya nyaman dan bersih"
"Puskesmas Jetis II","https://www.google.com/maps/search/?api=1&query=Puskesmas%20Jetis%20II&query_place_id=ChIJxfZfdJdVei4Rtzc9DwRNlj0","5","Eko Budi Santoso","https://www.google.com/maps/reviews/data=!4m8!14m7!1m6!2m5!1sChZDSUhNMG9nS0VJQ0FnSUN6MnZpSFNREAE!2m1!1s0x0:0x3d964d040f3d37b7!3m1!1s2@1:CIHM0ogKEICAgICz2viHSQ%7C%7C?hl=id","Joss puskesmas jetis 2 baguss"
"Puskesmas Jetis II","https://www.google.com/maps/search/?api=1&query=Puskesmas%20Jetis%20II&query_place_id=ChIJxfZfdJdVei4Rtzc9DwRNlj0","5","11_ARINTA NURAINI","https://www.google.com/maps/reviews/data=!4m8!14m7!1m6!2m5!1sChZDSUhNMG9nS0VJQ0FnSUN6eUpQR2JREAE!2m1!1s0x0:0x3d964d040f3d37b7!3m1!1s2@1:CIHM0ogKEICAgICzyJPGbQ%7C%7C?hl=id",
"Puskesmas Jetis II","https://www.google.com/maps/search/?api=1&query=Puskesmas%20Jetis%20II&query_place_id=ChIJxfZfdJdVei4Rtzc9DwRNlj0","5","mutia elma","https://www.google.com/maps/reviews/data=!4m8!14m7!1m6!2m5!1sChZDSUhNMG9nS0VJQ0FnSUN6OEpfSUx3EAE!2m1!1s0x0:0x3d964d040f3d37b7!3m1!1s2@1:CIHM0ogKEICAgICz8J_ILw%7C%7C?hl=id",
"Puskesmas Jetis II","https://www.google.com/maps/search/?api=1&query=Puskesmas%20Jetis%20II&query_place_id=ChIJxfZfdJdVei4Rtzc9DwRNlj0","5","Nur Putri Madany","https://www.google.com/maps/reviews/data=!4m8!14m7!1m6!2m5!1sChZDSUhNMG9nS0VJQ0FnSUN6OEpfd0l3EAE!2m1!1s0x0:0x3d964d040f3d37b7!3m1!1s2@1:CIHM0ogKEICAgICz8J_wIw%7C%7C?hl=id",
"Puskesmas Jetis II","https://www.google.com/maps/search/?api=1&query=Puskesmas%20Jetis%20II&query_place_id=ChIJxfZfdJdVei4Rtzc9DwRNlj0","5","10_Husna Aulia Hasibah","https://www.google.com/maps/reviews/data=!4m8!14m7!1m6!2m5!1sChZDSUhNMG9nS0VJQ0FnSUN6OE9famZnEAE!2m1!1s0x0:0x3d964d040f3d37b7!3m1!1s2@1:CIHM0ogKEICAgICz8O_jfg%7C%7C?hl=id",
"Puskesmas Jetis II","https://www.google.com/maps/search/?api=1&query=Puskesmas%20Jetis%20II&query_place_id=ChIJxfZfdJdVei4Rtzc9DwRNlj0","5","Nila Utami","https://www.google.com/maps/reviews/data=!4m8!14m7!1m6!2m5!1sChZDSUhNMG9nS0VJQ0FnSURUbzZTUU5nEAE!2m1!1s0x0:0x3d964d040f3d37b7!3m1!1s2@1:CIHM0ogKEICAgIDTo6SQNg%7C%7C?hl=id","Top markotop untuk pelayanan dan isi dari puskesmas. Cepat poulllll"
"Puskesmas Jetis II","https://www.google.com/maps/search/?api=1&query=Puskesmas%20Jetis%20II&query_place_id=ChIJxfZfdJdVei4Rtzc9DwRNlj0","1","LN Maula","https://www.google.com/maps/reviews/data=!4m8!14m7!1m6!2m5!1sChdDSUhNMG9nS0VJQ0FnSURUdUpHQjRBRRAB!2m1!1s0x0:0x3d964d040f3d37b7!3m1!1s2@1:CIHM0ogKEICAgIDTuJGB4AE%7C%7C?hl=id","Pelayanan tidak ramah."
"Puskesmas Jetis II","https://www.google.com/maps/search/?api=1&query=Puskesmas%20Jetis%20II&query_place_id=ChIJxfZfdJdVei4Rtzc9DwRNlj0","5","Pasir Mas","https://www.google.com/maps/reviews/data=!4m8!14m7!1m6!2m5!1sChdDSUhNMG9nS0VJQ0FnSUNUc2VhU3B3RRAB!2m1!1s0x0:0x3d964d040f3d37b7!3m1!1s2@1:CIHM0ogKEICAgICTseaSpwE%7C%7C?hl=id","pelayanannya ramah, tempatnya bersih🥰🥰"
"Puskesmas Jetis II","https://www.google.com/maps/search/?api=1&query=Puskesmas%20Jetis%20II&query_place_id=ChIJxfZfdJdVei4Rtzc9DwRNlj0","5","Yustin Anastasha","https://www.google.com/maps/reviews/data=!4m8!14m7!1m6!2m5!1sChdDSUhNMG9nS0VJQ0FnSUNUc2ViaS1nRRAB!2m1!1s0x0:0x3d964d040f3d37b7!3m1!1s2@1:CIHM0ogKEICAgICTsebi-gE%7C%7C?hl=id","pelayanan ramah, tempatnya bersih🥰🥰"
"Puskesmas Jetis II","https://www.google.com/maps/search/?api=1&query=Puskesmas%20Jetis%20II&query_place_id=ChIJxfZfdJdVei4Rtzc9DwRNlj0","1","니kun's","https://www.google.com/maps/reviews/data=!4m8!14m7!1m6!2m5!1sChZDSUhNMG9nS0VJQ0FnSUNSemJfcEZ3EAE!2m1!1s0x0:0x3d964d040f3d37b7!3m1!1s2@1:CIHM0ogKEICAgICRzb_pFw%7C%7C?hl=id","bad service bgttt"
"Puskesmas Jetis II","https://www.google.com/maps/search/?api=1&query=Puskesmas%20Jetis%20II&query_place_id=ChIJxfZfdJdVei4Rtzc9DwRNlj0","2","info Update","https://www.google.com/maps/reviews/data=!4m8!14m7!1m6!2m5!1sChdDSUhNMG9nS0VJQ0FnSUQxZ3N2YnRBRRAB!2m1!1s0x0:0x3d964d040f3d37b7!3m1!1s2@1:CIHM0ogKEICAgID1gsvbtAE%7C%7C?hl=id","Antre obat lama bgt,,,       antrenya dikit padahal"
"Puskesmas Jetis II","https://www.google.com/maps/search/?api=1&query=Puskesmas%20Jetis%20II&query_place_id=ChIJxfZfdJdVei4Rtzc9DwRNlj0","5","Rahma Liya","https://www.google.com/maps/reviews/data=!4m8!14m7!1m6!2m5!1sChZDSUhNMG9nS0VJQ0FnSUMxc3NPaFl3EAE!2m1!1s0x0:0x3d964d040f3d37b7!3m1!1s2@1:CIHM0ogKEICAgIC1ssOhYw%7C%7C?hl=id","semoga ada jamu gratis lagi"
"Puskesmas Jetis II","https://www.google.com/maps/search/?api=1&query=Puskesmas%20Jetis%20II&query_place_id=ChIJxfZfdJdVei4Rtzc9DwRNlj0","5","FATIH AL AYYUBI","https://www.google.com/maps/reviews/data=!4m8!14m7!1m6!2m5!1sChdDSUhNMG9nS0VJQ0FnSUMxc3YzSjZnRRAB!2m1!1s0x0:0x3d964d040f3d37b7!3m1!1s2@1:CIHM0ogKEICAgIC1sv3J6gE%7C%7C?hl=id","Pelayanan baik dan petugas ramah..tempat bersih ada playground dan tempat menyusui yg nyaman."
"Puskesmas Jetis II","https://www.google.com/maps/search/?api=1&query=Puskesmas%20Jetis%20II&query_place_id=ChIJxfZfdJdVei4Rtzc9DwRNlj0","5","sugi antok","https://www.google.com/maps/reviews/data=!4m8!14m7!1m6!2m5!1sChdDSUhNMG9nS0VJQ0FnSUMxa3Z6aHp3RRAB!2m1!1s0x0:0x3d964d040f3d37b7!3m1!1s2@1:CIHM0ogKEICAgIC1kvzhzwE%7C%7C?hl=id","Puskesmas Jetis II sekarang penataannya semakin rapi, cantik sesuai pelayanannya"
"Puskesmas Jetis II","https://www.google.com/maps/search/?api=1&query=Puskesmas%20Jetis%20II&query_place_id=ChIJxfZfdJdVei4Rtzc9DwRNlj0","5","ami Parmiati","https://www.google.com/maps/reviews/data=!4m8!14m7!1m6!2m5!1sChZDSUhNMG9nS0VJQ0FnSUMxd3FfbUdBEAE!2m1!1s0x0:0x3d964d040f3d37b7!3m1!1s2@1:CIHM0ogKEICAgIC1wq_mGA%7C%7C?hl=id","Puskesmas nya sangat bersih dan rapi, nyaman, pelayanan ramah, profesional ...tempat parkir nya yg msh kurang, terutama untuk parkir kendaraan roda 4"
"Puskesmas Jetis II","https://www.google.com/maps/search/?api=1&query=Puskesmas%20Jetis%20II&query_place_id=ChIJxfZfdJdVei4Rtzc9DwRNlj0","5","Giyana Yana","https://www.google.com/maps/reviews/data=!4m8!14m7!1m6!2m5!1sChdDSUhNMG9nS0VJQ0FnSUMxd3FPbWh3RRAB!2m1!1s0x0:0x3d964d040f3d37b7!3m1!1s2@1:CIHM0ogKEICAgIC1wqOmhwE%7C%7C?hl=id","Terimakasih Puskesmas Jetis 2
Walaupun cuti bersama tetap melaksanakan pelayanan dengan cepat dan ramah2 petugasnya"
"Puskesmas Jetis II","https://www.google.com/maps/search/?api=1&query=Puskesmas%20Jetis%20II&query_place_id=ChIJxfZfdJdVei4Rtzc9DwRNlj0","5","fitri budi muamar","https://www.google.com/maps/reviews/data=!4m8!14m7!1m6!2m5!1sChRDSUhNMG9nS0VJQ0FnSUMxd3AxTxAB!2m1!1s0x0:0x3d964d040f3d37b7!3m1!1s2@1:CIHM0ogKEICAgIC1wp1O%7C%7C?hl=id",
"Puskesmas Jetis II","https://www.google.com/maps/search/?api=1&query=Puskesmas%20Jetis%20II&query_place_id=ChIJxfZfdJdVei4Rtzc9DwRNlj0","5","arkaan gaming","https://www.google.com/maps/reviews/data=!4m8!14m7!1m6!2m5!1sChZDSUhNMG9nS0VJQ0FnSUMxd28yR0hnEAE!2m1!1s0x0:0x3d964d040f3d37b7!3m1!1s2@1:CIHM0ogKEICAgIC1wo2GHg%7C%7C?hl=id","Layanan bagus dan ramah,tempat nyaman.👍👍👍"
"Puskesmas Jetis II","https://www.google.com/maps/search/?api=1&query=Puskesmas%20Jetis%20II&query_place_id=ChIJxfZfdJdVei4Rtzc9DwRNlj0","5","Windarti Windar","https://www.google.com/maps/reviews/data=!4m8!14m7!1m6!2m5!1sChZDSUhNMG9nS0VJQ0FnSUMxd3Y2akRBEAE!2m1!1s0x0:0x3d964d040f3d37b7!3m1!1s2@1:CIHM0ogKEICAgIC1wv6jDA%7C%7C?hl=id","Terimakasih pelayanannya hari ini , semoga menjadi amal panjenengan sedoyo Aamiin"
"Puskesmas Jetis II","https://www.google.com/maps/search/?api=1&query=Puskesmas%20Jetis%20II&query_place_id=ChIJxfZfdJdVei4Rtzc9DwRNlj0","5","Tri Ariyani","https://www.google.com/maps/reviews/data=!4m8!14m7!1m6!2m5!1sChdDSUhNMG9nS0VJQ0FnSUMxd3I2YXZnRRAB!2m1!1s0x0:0x3d964d040f3d37b7!3m1!1s2@1:CIHM0ogKEICAgIC1wr6avgE%7C%7C?hl=id","alur layanan bagus. profesional. petugas ramah dan kominlatif.
pusk jetis 2  kerennnn 👍👍👍👍👍"
"Puskesmas Jetis II","https://www.google.com/maps/search/?api=1&query=Puskesmas%20Jetis%20II&query_place_id=ChIJxfZfdJdVei4Rtzc9DwRNlj0","5","imam hudoyo","https://www.google.com/maps/reviews/data=!4m8!14m7!1m6!2m5!1sChdDSUhNMG9nS0VJQ0FnSUMxd3U3dnVnRRAB!2m1!1s0x0:0x3d964d040f3d37b7!3m1!1s2@1:CIHM0ogKEICAgIC1wu7vugE%7C%7C?hl=id","pusk. jetis petugasnya ramah2 sat set cekat ceket. pusk.nya bersih rapih asri pokoknya bikin betah. lanjutkan pusk .jetis 2 melayani masyarakat dengan iklas"
"Puskesmas Jetis II","https://www.google.com/maps/search/?api=1&query=Puskesmas%20Jetis%20II&query_place_id=ChIJxfZfdJdVei4Rtzc9DwRNlj0","5","dera nika","https://www.google.com/maps/reviews/data=!4m8!14m7!1m6!2m5!1sChZDSUhNMG9nS0VJQ0FnSUMxd3FiTktnEAE!2m1!1s0x0:0x3d964d040f3d37b7!3m1!1s2@1:CIHM0ogKEICAgIC1wqbNKg%7C%7C?hl=id","Pelayanan ramah, tempatnya jg nyaman, ada playground dan ruang menyusui jd aman jika bawa anak🥰"
"Puskesmas Jetis II","https://www.google.com/maps/search/?api=1&query=Puskesmas%20Jetis%20II&query_place_id=ChIJxfZfdJdVei4Rtzc9DwRNlj0","1","pecinta kulineran","https://www.google.com/maps/reviews/data=!4m8!14m7!1m6!2m5!1sChdDSUhNMG9nS0VJQ0FnSUMxZ3BmNHlnRRAB!2m1!1s0x0:0x3d964d040f3d37b7!3m1!1s2@1:CIHM0ogKEICAgIC1gpf4ygE%7C%7C?hl=id","kasian liat lansia sama bayi..udah antri dari pagi..tiba2 ada yang nylonong petugas bawa pasien.muda seger masih kuat..spertinya orang pusat..tidak bawa nomor antrian..the real wong pusat kui nyata.."
"Puskesmas Jetis II","https://www.google.com/maps/search/?api=1&query=Puskesmas%20Jetis%20II&query_place_id=ChIJxfZfdJdVei4Rtzc9DwRNlj0","5","suja nuryadi","https://www.google.com/maps/reviews/data=!4m8!14m7!1m6!2m5!1sChZDSUhNMG9nS0VJQ0FnSUMxcElEak5REAE!2m1!1s0x0:0x3d964d040f3d37b7!3m1!1s2@1:CIHM0ogKEICAgIC1pIDjNQ%7C%7C?hl=id","Pusat kesehatan masyarakat atau biasa disebut puskesmas ini terletak di barat kantor kalurahan desa patalan yang berada di jln parangtritis km 15.
Puskesmas ini dinamakan Puskesmas Jetis II yang bisa berarti sebagai puskesmas ke 2 yang ada di Kecamatan Jetis, Bantul."
"Puskesmas Jetis II","https://www.google.com/maps/search/?api=1&query=Puskesmas%20Jetis%20II&query_place_id=ChIJxfZfdJdVei4Rtzc9DwRNlj0","5","Akreditasi Puskesmas Jetis II","https://www.google.com/maps/reviews/data=!4m8!14m7!1m6!2m5!1sChZDSUhNMG9nS0VJQ0FnSUNsaXF2aUxBEAE!2m1!1s0x0:0x3d964d040f3d37b7!3m1!1s2@1:CIHM0ogKEICAgICliqviLA%7C%7C?hl=id","Terimakasih atas masukan Saudara Sigit Ari Murwanto 🙏  Akan segera kami tindak lanjuti untuk perbaikan mutu pelayanan kami 🙏

- Tim Aduan Puskesmas Jetis II"
"Puskesmas Jetis II","https://www.google.com/maps/search/?api=1&query=Puskesmas%20Jetis%20II&query_place_id=ChIJxfZfdJdVei4Rtzc9DwRNlj0","1","sigit Ari Murwanto","https://www.google.com/maps/reviews/data=!4m8!14m7!1m6!2m5!1sChdDSUhNMG9nS0VJQ0FnSUNGZy1LaTdRRRAB!2m1!1s0x0:0x3d964d040f3d37b7!3m1!1s2@1:CIHM0ogKEICAgICFg-Ki7QE%7C%7C?hl=id","Pelayanan sangat lamaaaa"
"Puskesmas Jetis II","https://www.google.com/maps/search/?api=1&query=Puskesmas%20Jetis%20II&query_place_id=ChIJxfZfdJdVei4Rtzc9DwRNlj0","5","Amanda Retma Amaria","https://www.google.com/maps/reviews/data=!4m8!14m7!1m6!2m5!1sChdDSUhNMG9nS0VJQ0FnSUQ1LXJMUDlnRRAB!2m1!1s0x0:0x3d964d040f3d37b7!3m1!1s2@1:CIHM0ogKEICAgID5-rLP9gE%7C%7C?hl=id","Pelayanan sangat memuaskan, cepat dan ramah."
"Puskesmas Jetis II","https://www.google.com/maps/search/?api=1&query=Puskesmas%20Jetis%20II&query_place_id=ChIJxfZfdJdVei4Rtzc9DwRNlj0","5","ufo bourne","https://www.google.com/maps/reviews/data=!4m8!14m7!1m6!2m5!1sChZDSUhNMG9nS0VJQ0FnSUM1aklYQVZnEAE!2m1!1s0x0:0x3d964d040f3d37b7!3m1!1s2@1:CIHM0ogKEICAgIC5jIXAVg%7C%7C?hl=id","Pelayanan sangat ramah dari pendaftaran sampai akhir pelayanan. Dokternya baik, ramah, dan menjelaskan sakit yg diderita. Disini juga disediakan air mineral di almari pendingin dan gratis. Terimakasih atas pelayanan yg diberikan untuk melayani masyarakat."
"Puskesmas Jetis II","https://www.google.com/maps/search/?api=1&query=Puskesmas%20Jetis%20II&query_place_id=ChIJxfZfdJdVei4Rtzc9DwRNlj0","5","Umi Khumaeroh","https://www.google.com/maps/reviews/data=!4m8!14m7!1m6!2m5!1sChRDSUhNMG9nS0VJQ0FnSUM1dE5weRAB!2m1!1s0x0:0x3d964d040f3d37b7!3m1!1s2@1:CIHM0ogKEICAgIC5tNpy%7C%7C?hl=id",
"Puskesmas Jetis II","https://www.google.com/maps/search/?api=1&query=Puskesmas%20Jetis%20II&query_place_id=ChIJxfZfdJdVei4Rtzc9DwRNlj0","5","Muhammad Nadindra Fauzan Ardi","https://www.google.com/maps/reviews/data=!4m8!14m7!1m6!2m5!1sChdDSUhNMG9nS0VJQ0FnSUM1MU4zU3pnRRAB!2m1!1s0x0:0x3d964d040f3d37b7!3m1!1s2@1:CIHM0ogKEICAgIC51N3SzgE%7C%7C?hl=id","sangat baikk"
"Puskesmas Jetis II","https://www.google.com/maps/search/?api=1&query=Puskesmas%20Jetis%20II&query_place_id=ChIJxfZfdJdVei4Rtzc9DwRNlj0","5","Diyah Nafindra","https://www.google.com/maps/reviews/data=!4m8!14m7!1m6!2m5!1sChdDSUhNMG9nS0VJQ0FnSUM1MU4yb29RRRAB!2m1!1s0x0:0x3d964d040f3d37b7!3m1!1s2@1:CIHM0ogKEICAgIC51N2ooQE%7C%7C?hl=id","pelayanan baik dan cepat"
"Puskesmas Jetis II","https://www.google.com/maps/search/?api=1&query=Puskesmas%20Jetis%20II&query_place_id=ChIJxfZfdJdVei4Rtzc9DwRNlj0","5","Tobat Bareng Com","https://www.google.com/maps/reviews/data=!4m8!14m7!1m6!2m5!1sChZDSUhNMG9nS0VJQ0FnSUM1MUoyN0t3EAE!2m1!1s0x0:0x3d964d040f3d37b7!3m1!1s2@1:CIHM0ogKEICAgIC51J27Kw%7C%7C?hl=id",
"Puskesmas Jetis II","https://www.google.com/maps/search/?api=1&query=Puskesmas%20Jetis%20II&query_place_id=ChIJxfZfdJdVei4Rtzc9DwRNlj0","5","Sarjana Terapan Teknologi Laboratorium Medik","https://www.google.com/maps/reviews/data=!4m8!14m7!1m6!2m5!1sChZDSUhNMG9nS0VJQ0FnSUM1MUozMUJnEAE!2m1!1s0x0:0x3d964d040f3d37b7!3m1!1s2@1:CIHM0ogKEICAgIC51J31Bg%7C%7C?hl=id",
"Puskesmas Jetis II","https://www.google.com/maps/search/?api=1&query=Puskesmas%20Jetis%20II&query_place_id=ChIJxfZfdJdVei4Rtzc9DwRNlj0","5","NAUFAL ARRASYID","https://www.google.com/maps/reviews/data=!4m8!14m7!1m6!2m5!1sChdDSUhNMG9nS0VJQ0FnSUM1MUoyazR3RRAB!2m1!1s0x0:0x3d964d040f3d37b7!3m1!1s2@1:CIHM0ogKEICAgIC51J2k4wE%7C%7C?hl=id","pelayanan ramah cepat akurat"
"Puskesmas Jetis II","https://www.google.com/maps/search/?api=1&query=Puskesmas%20Jetis%20II&query_place_id=ChIJxfZfdJdVei4Rtzc9DwRNlj0","5","ais facebook","https://www.google.com/maps/reviews/data=!4m8!14m7!1m6!2m5!1sChZDSUhNMG9nS0VJQ0FnSUM1MU8zVGR3EAE!2m1!1s0x0:0x3d964d040f3d37b7!3m1!1s2@1:CIHM0ogKEICAgIC51O3Tdw%7C%7C?hl=id",
"Puskesmas Jetis II","https://www.google.com/maps/search/?api=1&query=Puskesmas%20Jetis%20II&query_place_id=ChIJxfZfdJdVei4Rtzc9DwRNlj0","5","aisyiiah nurul a","https://www.google.com/maps/reviews/data=!4m8!14m7!1m6!2m5!1sChdDSUhNMG9nS0VJQ0FnSUM1MU8zZThRRRAB!2m1!1s0x0:0x3d964d040f3d37b7!3m1!1s2@1:CIHM0ogKEICAgIC51O3e8QE%7C%7C?hl=id",
"Puskesmas Jetis II","https://www.google.com/maps/search/?api=1&query=Puskesmas%20Jetis%20II&query_place_id=ChIJxfZfdJdVei4Rtzc9DwRNlj0","5","Minarti Isdiatun","https://www.google.com/maps/reviews/data=!4m8!14m7!1m6!2m5!1sChdDSUhNMG9nS0VJQ0FnSUM1MU9XYl9nRRAB!2m1!1s0x0:0x3d964d040f3d37b7!3m1!1s2@1:CIHM0ogKEICAgIC51OWb_gE%7C%7C?hl=id","Sangat nyaman berada di Puskesmas ini"
"Puskesmas Jetis II","https://www.google.com/maps/search/?api=1&query=Puskesmas%20Jetis%20II&query_place_id=ChIJxfZfdJdVei4Rtzc9DwRNlj0","5","Yulia Dewi Irawati","https://www.google.com/maps/reviews/data=!4m8!14m7!1m6!2m5!1sChdDSUhNMG9nS0VJQ0FnSUM1MUpudzFnRRAB!2m1!1s0x0:0x3d964d040f3d37b7!3m1!1s2@1:CIHM0ogKEICAgIC51Jnw1gE%7C%7C?hl=id","Tempatnya bersih"
"Puskesmas Jetis II","https://www.google.com/maps/search/?api=1&query=Puskesmas%20Jetis%20II&query_place_id=ChIJxfZfdJdVei4Rtzc9DwRNlj0","5","Titis Wahyu Utami","https://www.google.com/maps/reviews/data=!4m8!14m7!1m6!2m5!1sChZDSUhNMG9nS0VJQ0FnSUM1MU9uaERBEAE!2m1!1s0x0:0x3d964d040f3d37b7!3m1!1s2@1:CIHM0ogKEICAgIC51OnhDA%7C%7C?hl=id","Pelayanan di puskesmas jetis II ramah. Saat rawat luka di sana semua petugasnya tlaten dalam merawat."
"Puskesmas Jetis II","https://www.google.com/maps/search/?api=1&query=Puskesmas%20Jetis%20II&query_place_id=ChIJxfZfdJdVei4Rtzc9DwRNlj0","5","Ramadhan Bayu","https://www.google.com/maps/reviews/data=!4m8!14m7!1m6!2m5!1sChdDSUhNMG9nS0VJQ0FnSUM1MUtudnlRRRAB!2m1!1s0x0:0x3d964d040f3d37b7!3m1!1s2@1:CIHM0ogKEICAgIC51KnvyQE%7C%7C?hl=id",
"Puskesmas Jetis II","https://www.google.com/maps/search/?api=1&query=Puskesmas%20Jetis%20II&query_place_id=ChIJxfZfdJdVei4Rtzc9DwRNlj0","1","Risma Aprilia Saputri","https://www.google.com/maps/reviews/data=!4m8!14m7!1m6!2m5!1sChZDSUhNMG9nS0VJQ0FnSURabW8tRmZ3EAE!2m1!1s0x0:0x3d964d040f3d37b7!3m1!1s2@1:CIHM0ogKEICAgIDZmo-Ffw%7C%7C?hl=id","Pelayanan sangat lama, pemanggilan antrian lamanya minta ampun, yang sakit keburu pingsan lah ini kalau kelamaan kayak gini"
"Puskesmas Jetis II","https://www.google.com/maps/search/?api=1&query=Puskesmas%20Jetis%20II&query_place_id=ChIJxfZfdJdVei4Rtzc9DwRNlj0","1","eny tok","https://www.google.com/maps/reviews/data=!4m8!14m7!1m6!2m5!1sChZDSUhNMG9nS0VJQ0FnSURabE16Y1F3EAE!2m1!1s0x0:0x3d964d040f3d37b7!3m1!1s2@1:CIHM0ogKEICAgIDZlMzcQw%7C%7C?hl=id","Pelayanannya kurang terutama sikap dokternya yang judes beda banget sama puskesmas lain yang ramah , orang sakit malah dijudesin ya siaapa sih yang mau sakit ,orang sakit fisik malah kena mentalnya. Orang juga jadi takut buat periksa. Emang periksa di puskesmas itu murah bahkan bisa gratis pake BPJS tapi jangan semena mena sama pasien 🙏"
"Puskesmas Jetis II","https://www.google.com/maps/search/?api=1&query=Puskesmas%20Jetis%20II&query_place_id=ChIJxfZfdJdVei4Rtzc9DwRNlj0","3","murdi yono","https://www.google.com/maps/reviews/data=!4m8!14m7!1m6!2m5!1sChdDSUhNMG9nS0VJQ0FnSURaaUlIcXF3RRAB!2m1!1s0x0:0x3d964d040f3d37b7!3m1!1s2@1:CIHM0ogKEICAgIDZiIHqqwE%7C%7C?hl=id","Pelayanan lama banget, hari ini sabtu 23 september 2023 dari jam 09:30 - 11:30 belum terlayani....kasihan anak saya yg sudah bosen menunggu...."
"Puskesmas Jetis II","https://www.google.com/maps/search/?api=1&query=Puskesmas%20Jetis%20II&query_place_id=ChIJxfZfdJdVei4Rtzc9DwRNlj0","5","Sri Endarti","https://www.google.com/maps/reviews/data=!4m8!14m7!1m6!2m5!1sChdDSUhNMG9nS0VJQ0FnSURKc1p6cGhBRRAB!2m1!1s0x0:0x3d964d040f3d37b7!3m1!1s2@1:CIHM0ogKEICAgIDJsZzphAE%7C%7C?hl=id","petugas nya ramah"
"Puskesmas Jetis II","https://www.google.com/maps/search/?api=1&query=Puskesmas%20Jetis%20II&query_place_id=ChIJxfZfdJdVei4Rtzc9DwRNlj0","5","Uswah Khasanah","https://www.google.com/maps/reviews/data=!4m8!14m7!1m6!2m5!1sChZDSUhNMG9nS0VJQ0FnSURKek1xbVdREAE!2m1!1s0x0:0x3d964d040f3d37b7!3m1!1s2@1:CIHM0ogKEICAgIDJzMqmWQ%7C%7C?hl=id",
"Puskesmas Jetis II","https://www.google.com/maps/search/?api=1&query=Puskesmas%20Jetis%20II&query_place_id=ChIJxfZfdJdVei4Rtzc9DwRNlj0","5","ulfah maulida","https://www.google.com/maps/reviews/data=!4m8!14m7!1m6!2m5!1sChZDSUhNMG9nS0VJQ0FnSURKeE8zaERnEAE!2m1!1s0x0:0x3d964d040f3d37b7!3m1!1s2@1:CIHM0ogKEICAgIDJxO3hDg%7C%7C?hl=id",
"Puskesmas Jetis II","https://www.google.com/maps/search/?api=1&query=Puskesmas%20Jetis%20II&query_place_id=ChIJxfZfdJdVei4Rtzc9DwRNlj0","5","LAPORAN PUSK.BTP2","https://www.google.com/maps/reviews/data=!4m8!14m7!1m6!2m5!1sChZDSUhNMG9nS0VJQ0FnSUR4eDRTTUFnEAE!2m1!1s0x0:0x3d964d040f3d37b7!3m1!1s2@1:CIHM0ogKEICAgIDxx4SMAg%7C%7C?hl=id",
"Puskesmas Jetis II","https://www.google.com/maps/search/?api=1&query=Puskesmas%20Jetis%20II&query_place_id=ChIJxfZfdJdVei4Rtzc9DwRNlj0","5","Wulan Suci","https://www.google.com/maps/reviews/data=!4m8!14m7!1m6!2m5!1sChZDSUhNMG9nS0VJQ0FnSUN4azhpdmNBEAE!2m1!1s0x0:0x3d964d040f3d37b7!3m1!1s2@1:CIHM0ogKEICAgICxk8ivcA%7C%7C?hl=id","Tempatnya rapi dan bersih"
"Puskesmas Jetis II","https://www.google.com/maps/search/?api=1&query=Puskesmas%20Jetis%20II&query_place_id=ChIJxfZfdJdVei4Rtzc9DwRNlj0","5","sri lestari","https://www.google.com/maps/reviews/data=!4m8!14m7!1m6!2m5!1sChZDSUhNMG9nS0VJQ0FnSUN4azRqQkZREAE!2m1!1s0x0:0x3d964d040f3d37b7!3m1!1s2@1:CIHM0ogKEICAgICxk4jBFQ%7C%7C?hl=id","Tempatnya nyaman dan bersih"
"Puskesmas Jetis II","https://www.google.com/maps/search/?api=1&query=Puskesmas%20Jetis%20II&query_place_id=ChIJxfZfdJdVei4Rtzc9DwRNlj0","5","Nur Lathifah","https://www.google.com/maps/reviews/data=!4m8!14m7!1m6!2m5!1sChZDSUhNMG9nS0VJQ0FnSUN4azdDdVR3EAE!2m1!1s0x0:0x3d964d040f3d37b7!3m1!1s2@1:CIHM0ogKEICAgICxk7CuTw%7C%7C?hl=id",
"Puskesmas Jetis II","https://www.google.com/maps/search/?api=1&query=Puskesmas%20Jetis%20II&query_place_id=ChIJxfZfdJdVei4Rtzc9DwRNlj0","5","nindya rizki tsani","https://www.google.com/maps/reviews/data=!4m8!14m7!1m6!2m5!1sChZDSUhNMG9nS0VJQ0FnSUN4azZDUFVREAE!2m1!1s0x0:0x3d964d040f3d37b7!3m1!1s2@1:CIHM0ogKEICAgICxk6CPUQ%7C%7C?hl=id",
"Puskesmas Jetis II","https://www.google.com/maps/search/?api=1&query=Puskesmas%20Jetis%20II&query_place_id=ChIJxfZfdJdVei4Rtzc9DwRNlj0","5","ninik hudoyo","https://www.google.com/maps/reviews/data=!4m8!14m7!1m6!2m5!1sChZDSUhNMG9nS0VJQ0FnSUN4NDV6WUhREAE!2m1!1s0x0:0x3d964d040f3d37b7!3m1!1s2@1:CIHM0ogKEICAgICx45zYHQ%7C%7C?hl=id","Puskesmasnya  kecil tapi seksi rapi serta asri,,,,,"
"Puskesmas Jetis II","https://www.google.com/maps/search/?api=1&query=Puskesmas%20Jetis%20II&query_place_id=ChIJxfZfdJdVei4Rtzc9DwRNlj0","5","Epi Rayawati","https://www.google.com/maps/reviews/data=!4m8!14m7!1m6!2m5!1sChdDSUhNMG9nS0VJQ0FnSUN4cmQtMjJRRRAB!2m1!1s0x0:0x3d964d040f3d37b7!3m1!1s2@1:CIHM0ogKEICAgICxrd-22QE%7C%7C?hl=id",
"Puskesmas Jetis II","https://www.google.com/maps/search/?api=1&query=Puskesmas%20Jetis%20II&query_place_id=ChIJxfZfdJdVei4Rtzc9DwRNlj0","5","Lutsfi s","https://www.google.com/maps/reviews/data=!4m8!14m7!1m6!2m5!1sChZDSUhNMG9nS0VJQ0FnSURlOHNyakNBEAE!2m1!1s0x0:0x3d964d040f3d37b7!3m1!1s2@1:CIHM0ogKEICAgIDe8srjCA%7C%7C?hl=id","Puskesmas Jetis"
"Puskesmas Jetis II","https://www.google.com/maps/search/?api=1&query=Puskesmas%20Jetis%20II&query_place_id=ChIJxfZfdJdVei4Rtzc9DwRNlj0","5","Puskesmas Jetis 2 Bantul","https://www.google.com/maps/reviews/data=!4m8!14m7!1m6!2m5!1sChdDSUhNMG9nS0VJQ0FnSUNlM2J2ZjFBRRAB!2m1!1s0x0:0x3d964d040f3d37b7!3m1!1s2@1:CIHM0ogKEICAgICe3bvf1AE%7C%7C?hl=id","Terimakasih atas respon anda terhadap pelayanan Puskesmas Jetis II. Menjawab keluhan yang disampaikan oleh saudara Ari Masenn, bahwa pada saat itu petugas sedang isolasi dan pelayanan poli gigi ditutup untuk sementara. Mohon maaf atas ketidak nyamanannya 🙏"
"Puskesmas Jetis II","https://www.google.com/maps/search/?api=1&query=Puskesmas%20Jetis%20II&query_place_id=ChIJxfZfdJdVei4Rtzc9DwRNlj0","5","Mashudi Galih","https://www.google.com/maps/reviews/data=!4m8!14m7!1m6!2m5!1sChdDSUhNMG9nS0VJQ0FnSUR1NmNUTDNnRRAB!2m1!1s0x0:0x3d964d040f3d37b7!3m1!1s2@1:CIHM0ogKEICAgIDu6cTL3gE%7C%7C?hl=id","Bersih, indah"
"Puskesmas Jetis II","https://www.google.com/maps/search/?api=1&query=Puskesmas%20Jetis%20II&query_place_id=ChIJxfZfdJdVei4Rtzc9DwRNlj0","4","Bisri Mustofa","https://www.google.com/maps/reviews/data=!4m8!14m7!1m6!2m5!1sChdDSUhNMG9nS0VJQ0FnSUR1MHNLb3hRRRAB!2m1!1s0x0:0x3d964d040f3d37b7!3m1!1s2@1:CIHM0ogKEICAgIDu0sKoxQE%7C%7C?hl=id","Pelayanan bagus ...mudah diakses cepat dan sumeh"
"Puskesmas Jetis II","https://www.google.com/maps/search/?api=1&query=Puskesmas%20Jetis%20II&query_place_id=ChIJxfZfdJdVei4Rtzc9DwRNlj0","1","Nur Hasanah","https://www.google.com/maps/reviews/data=!4m8!14m7!1m6!2m5!1sChdDSUhNMG9nS0VJQ0FnSUQyb3NDVmlRRRAB!2m1!1s0x0:0x3d964d040f3d37b7!3m1!1s2@1:CIHM0ogKEICAgID2osCViQE%7C%7C?hl=id","Pemeriksaan di poli gigi, dokternya kurang caketan, tidak totalitas, pasilitas memadai tapi tidak di gunakan, masih manual, dokter ramah tapi kurang menyenangkan."
"Puskesmas Jetis II","https://www.google.com/maps/search/?api=1&query=Puskesmas%20Jetis%20II&query_place_id=ChIJxfZfdJdVei4Rtzc9DwRNlj0","5","HERI PRASETYO","https://www.google.com/maps/reviews/data=!4m8!14m7!1m6!2m5!1sChZDSUhNMG9nS0VJQ0FnSUMyZ3FIdVlBEAE!2m1!1s0x0:0x3d964d040f3d37b7!3m1!1s2@1:CIHM0ogKEICAgIC2gqHuYA%7C%7C?hl=id",
"Puskesmas Jetis II","https://www.google.com/maps/search/?api=1&query=Puskesmas%20Jetis%20II&query_place_id=ChIJxfZfdJdVei4Rtzc9DwRNlj0","2","ari masenn","https://www.google.com/maps/reviews/data=!4m8!14m7!1m6!2m5!1sChdDSUhNMG9nS0VJQ0FnSUNXNEktd3pBRRAB!2m1!1s0x0:0x3d964d040f3d37b7!3m1!1s2@1:CIHM0ogKEICAgICW4I-wzAE%7C%7C?hl=id","Bilang ke resepsionis depan, mau cabut gigi, di iyain.. Nunggu panggilan di bagian pendaftaran sejam lebih, ternyata poli gigi tutup, suruh balik lagi beberapa hari kemudian.."
"Puskesmas Jetis II","https://www.google.com/maps/search/?api=1&query=Puskesmas%20Jetis%20II&query_place_id=ChIJxfZfdJdVei4Rtzc9DwRNlj0","5","Mas Bro","https://www.google.com/maps/reviews/data=!4m8!14m7!1m6!2m5!1sChdDSUhNMG9nS0VJQ0FnSUNtM19idXJBRRAB!2m1!1s0x0:0x3d964d040f3d37b7!3m1!1s2@1:CIHM0ogKEICAgICm3_burAE%7C%7C?hl=id",
"Puskesmas Jetis II","https://www.google.com/maps/search/?api=1&query=Puskesmas%20Jetis%20II&query_place_id=ChIJxfZfdJdVei4Rtzc9DwRNlj0","5","Desti Aisyah","https://www.google.com/maps/reviews/data=!4m8!14m7!1m6!2m5!1sChdDSUhNMG9nS0VJQ0FnSUNxb2ZqS3RnRRAB!2m1!1s0x0:0x3d964d040f3d37b7!3m1!1s2@1:CIHM0ogKEICAgICqofjKtgE%7C%7C?hl=id","Beberapa kali kesini masya Allah pelayanannya ramah banget .. dari dokter, petugas lab, sampai petugas pendaftaran semuanya baik .. the best puskesmas ever 😍"
"Puskesmas Jetis II","https://www.google.com/maps/search/?api=1&query=Puskesmas%20Jetis%20II&query_place_id=ChIJxfZfdJdVei4Rtzc9DwRNlj0","5","Intan Podomi","https://www.google.com/maps/reviews/data=!4m8!14m7!1m6!2m5!1sChdDSUhNMG9nS0VJQ0FnSUNxaUxxZ3BRRRAB!2m1!1s0x0:0x3d964d040f3d37b7!3m1!1s2@1:CIHM0ogKEICAgICqiLqgpQE%7C%7C?hl=id",
"Puskesmas Jetis II","https://www.google.com/maps/search/?api=1&query=Puskesmas%20Jetis%20II&query_place_id=ChIJxfZfdJdVei4Rtzc9DwRNlj0","4","D'jam","https://www.google.com/maps/reviews/data=!4m8!14m7!1m6!2m5!1sChdDSUhNMG9nS0VJQ0FnSURLaXNlOG5nRRAB!2m1!1s0x0:0x3d964d040f3d37b7!3m1!1s2@1:CIHM0ogKEICAgIDKise8ngE%7C%7C?hl=id","Pelayanan ramah"
"Puskesmas Jetis II","https://www.google.com/maps/search/?api=1&query=Puskesmas%20Jetis%20II&query_place_id=ChIJxfZfdJdVei4Rtzc9DwRNlj0","3","Hani Hani","https://www.google.com/maps/reviews/data=!4m8!14m7!1m6!2m5!1sChdDSUhNMG9nS0VJQ0FnSURNMHZET29RRRAB!2m1!1s0x0:0x3d964d040f3d37b7!3m1!1s2@1:CIHM0ogKEICAgIDM0vDOoQE%7C%7C?hl=id","Poli gigi nya lama"
"Puskesmas Jetis II","https://www.google.com/maps/search/?api=1&query=Puskesmas%20Jetis%20II&query_place_id=ChIJxfZfdJdVei4Rtzc9DwRNlj0","5","Urip gayeng","https://www.google.com/maps/reviews/data=!4m8!14m7!1m6!2m5!1sChdDSUhNMG9nS0VJQ0FnSURNb0x1NHFnRRAB!2m1!1s0x0:0x3d964d040f3d37b7!3m1!1s2@1:CIHM0ogKEICAgIDMoLu4qgE%7C%7C?hl=id","pelayanan yang bagus .. untuk warga jetis dan sekitarnya .. semoga menjadi pelayanan kesehatan yang unggul dan mempermudah masyarakat .. terima kasih puskesmas jetis ll .."
"Puskesmas Jetis II","https://www.google.com/maps/search/?api=1&query=Puskesmas%20Jetis%20II&query_place_id=ChIJxfZfdJdVei4Rtzc9DwRNlj0","5","arro elang","https://www.google.com/maps/reviews/data=!4m8!14m7!1m6!2m5!1sChdDSUhNMG9nS0VJQ0FnSURBM1BMWmhRRRAB!2m1!1s0x0:0x3d964d040f3d37b7!3m1!1s2@1:CIHM0ogKEICAgIDA3PLZhQE%7C%7C?hl=id","Bagus tempatnya bersih dan pelayanannya baik"
"Puskesmas Jetis II","https://www.google.com/maps/search/?api=1&query=Puskesmas%20Jetis%20II&query_place_id=ChIJxfZfdJdVei4Rtzc9DwRNlj0","4","Hary L. Prabowo","https://www.google.com/maps/reviews/data=!4m8!14m7!1m6!2m5!1sChdDSUhNMG9nS0VJQ0FnSUNZa3V1eHBRRRAB!2m1!1s0x0:0x3d964d040f3d37b7!3m1!1s2@1:CIHM0ogKEICAgICYkuuxpQE%7C%7C?hl=id","Sudah bagus."
"Puskesmas Jetis II","https://www.google.com/maps/search/?api=1&query=Puskesmas%20Jetis%20II&query_place_id=ChIJxfZfdJdVei4Rtzc9DwRNlj0","3","Rain Crew","https://www.google.com/maps/reviews/data=!4m8!14m7!1m6!2m5!1sChdDSUhNMG9nS0VJQ0FnSUNZb3V6QXF3RRAB!2m1!1s0x0:0x3d964d040f3d37b7!3m1!1s2@1:CIHM0ogKEICAgICYouzAqwE%7C%7C?hl=id",
"Puskesmas Jetis II","https://www.google.com/maps/search/?api=1&query=Puskesmas%20Jetis%20II&query_place_id=ChIJxfZfdJdVei4Rtzc9DwRNlj0","4","Kang Zobri","https://www.google.com/maps/reviews/data=!4m8!14m7!1m6!2m5!1sChdDSUhNMG9nS0VJQ0FnSUNJLWM2WXpRRRAB!2m1!1s0x0:0x3d964d040f3d37b7!3m1!1s2@1:CIHM0ogKEICAgICI-c6YzQE%7C%7C?hl=id","Tempat cukup nyaman lansia dan bumil...cukup sejuk dengan vertilasi yang baik didalam."
"Puskesmas Jetis II","https://www.google.com/maps/search/?api=1&query=Puskesmas%20Jetis%20II&query_place_id=ChIJxfZfdJdVei4Rtzc9DwRNlj0","5","alalban","https://www.google.com/maps/reviews/data=!4m8!14m7!1m6!2m5!1sChZDSUhNMG9nS0VJQ0FnSUNJbnNPakxnEAE!2m1!1s0x0:0x3d964d040f3d37b7!3m1!1s2@1:CIHM0ogKEICAgICInsOjLg%7C%7C?hl=id","Selalu ramai"
"Puskesmas Jetis II","https://www.google.com/maps/search/?api=1&query=Puskesmas%20Jetis%20II&query_place_id=ChIJxfZfdJdVei4Rtzc9DwRNlj0","4","Arieko Ariyanto","https://www.google.com/maps/reviews/data=!4m8!14m7!1m6!2m5!1sChZDSUhNMG9nS0VJQ0FnSURBbDR5c1d3EAE!2m1!1s0x0:0x3d964d040f3d37b7!3m1!1s2@1:CIHM0ogKEICAgIDAl4ysWw%7C%7C?hl=id","Jepang ikut andil jg mak.…👍👍"
"Puskesmas Jetis II","https://www.google.com/maps/search/?api=1&query=Puskesmas%20Jetis%20II&query_place_id=ChIJxfZfdJdVei4Rtzc9DwRNlj0","5","Sugi Anto","https://www.google.com/maps/reviews/data=!4m8!14m7!1m6!2m5!1sChdDSUhNMG9nS0VJQ0FnSURnM05ybW1nRRAB!2m1!1s0x0:0x3d964d040f3d37b7!3m1!1s2@1:CIHM0ogKEICAgIDg3NrmmgE%7C%7C?hl=id","Pas nek nggo wong ra mampu"
